"ID","endowment","locale","treatment","wave","start_time","end_time","participant_label","link"
1,5,"usa",1,5,"2020-09-29 04:01","2020-09-30 03:59","de0e4103c6","https://w5.elicitingbeliefs.org/room/w5t1/?participant_label=de0e4103c6"
2,10,"usa",1,5,"2020-09-29 04:01","2020-09-30 03:59","5726fe96ea","https://w5.elicitingbeliefs.org/room/w5t1/?participant_label=5726fe96ea"
3,15,"usa",1,5,"2020-09-29 04:01","2020-09-30 03:59","5cbff58648","https://w5.elicitingbeliefs.org/room/w5t1/?participant_label=5cbff58648"
4,5,"usa",1,5,"2020-09-29 04:01","2020-09-30 03:59","26c23de1d7","https://w5.elicitingbeliefs.org/room/w5t1/?participant_label=26c23de1d7"
5,10,"usa",1,5,"2020-09-29 04:01","2020-09-30 03:59","934320fa59","https://w5.elicitingbeliefs.org/room/w5t1/?participant_label=934320fa59"
6,15,"usa",1,5,"2020-09-29 04:01","2020-09-30 03:59","b16ce4c3ca","https://w5.elicitingbeliefs.org/room/w5t1/?participant_label=b16ce4c3ca"
7,5,"usa",1,5,"2020-09-29 04:01","2020-09-30 03:59","6e6cfb1e3e","https://w5.elicitingbeliefs.org/room/w5t1/?participant_label=6e6cfb1e3e"
8,10,"usa",1,5,"2020-09-29 04:01","2020-09-30 03:59","0b0a95e5de","https://w5.elicitingbeliefs.org/room/w5t1/?participant_label=0b0a95e5de"
9,15,"usa",1,5,"2020-09-29 04:01","2020-09-30 03:59","2b239d7e1a","https://w5.elicitingbeliefs.org/room/w5t1/?participant_label=2b239d7e1a"
10,5,"usa",1,5,"2020-09-29 04:01","2020-09-30 03:59","a9d55a8cd8","https://w5.elicitingbeliefs.org/room/w5t1/?participant_label=a9d55a8cd8"
11,10,"usa",1,5,"2020-09-29 04:01","2020-09-30 03:59","0a4f314567","https://w5.elicitingbeliefs.org/room/w5t1/?participant_label=0a4f314567"
12,15,"usa",1,5,"2020-09-29 04:01","2020-09-30 03:59","99700f7205","https://w5.elicitingbeliefs.org/room/w5t1/?participant_label=99700f7205"
13,5,"usa",1,5,"2020-09-29 04:01","2020-09-30 03:59","8c4087dc27","https://w5.elicitingbeliefs.org/room/w5t1/?participant_label=8c4087dc27"
14,10,"usa",1,5,"2020-09-29 04:01","2020-09-30 03:59","6596c4b14d","https://w5.elicitingbeliefs.org/room/w5t1/?participant_label=6596c4b14d"
15,15,"usa",1,5,"2020-09-29 04:01","2020-09-30 03:59","e2b4446c33","https://w5.elicitingbeliefs.org/room/w5t1/?participant_label=e2b4446c33"
16,5,"usa",1,5,"2020-09-29 04:01","2020-09-30 03:59","76fadf8a1e","https://w5.elicitingbeliefs.org/room/w5t1/?participant_label=76fadf8a1e"
17,10,"usa",1,5,"2020-09-29 04:01","2020-09-30 03:59","ee6e0f0e53","https://w5.elicitingbeliefs.org/room/w5t1/?participant_label=ee6e0f0e53"
18,15,"usa",1,5,"2020-09-29 04:01","2020-09-30 03:59","ac3c8f667b","https://w5.elicitingbeliefs.org/room/w5t1/?participant_label=ac3c8f667b"
19,5,"usa",1,5,"2020-09-29 04:01","2020-09-30 03:59","5bac57ec34","https://w5.elicitingbeliefs.org/room/w5t1/?participant_label=5bac57ec34"
20,10,"usa",1,5,"2020-09-29 04:01","2020-09-30 03:59","f0ff7119aa","https://w5.elicitingbeliefs.org/room/w5t1/?participant_label=f0ff7119aa"
21,15,"usa",1,5,"2020-09-29 04:01","2020-09-30 03:59","9ed804de4d","https://w5.elicitingbeliefs.org/room/w5t1/?participant_label=9ed804de4d"
22,5,"usa",1,5,"2020-09-29 04:01","2020-09-30 03:59","2076358268","https://w5.elicitingbeliefs.org/room/w5t1/?participant_label=2076358268"
23,10,"usa",1,5,"2020-09-29 04:01","2020-09-30 03:59","5895da1e58","https://w5.elicitingbeliefs.org/room/w5t1/?participant_label=5895da1e58"
24,15,"usa",1,5,"2020-09-29 04:01","2020-09-30 03:59","974da617c1","https://w5.elicitingbeliefs.org/room/w5t1/?participant_label=974da617c1"
25,5,"usa",1,5,"2020-09-29 04:01","2020-09-30 03:59","43b040c1c4","https://w5.elicitingbeliefs.org/room/w5t1/?participant_label=43b040c1c4"
26,10,"usa",1,5,"2020-09-29 04:01","2020-09-30 03:59","fdac9d8ca5","https://w5.elicitingbeliefs.org/room/w5t1/?participant_label=fdac9d8ca5"
27,15,"usa",1,5,"2020-09-29 04:01","2020-09-30 03:59","f9ed73c091","https://w5.elicitingbeliefs.org/room/w5t1/?participant_label=f9ed73c091"
28,5,"usa",1,5,"2020-09-29 04:01","2020-09-30 03:59","6ec8de5721","https://w5.elicitingbeliefs.org/room/w5t1/?participant_label=6ec8de5721"
29,10,"usa",1,5,"2020-09-29 04:01","2020-09-30 03:59","43d1d9b66f","https://w5.elicitingbeliefs.org/room/w5t1/?participant_label=43d1d9b66f"
30,15,"usa",1,5,"2020-09-29 04:01","2020-09-30 03:59","0be0ccd391","https://w5.elicitingbeliefs.org/room/w5t1/?participant_label=0be0ccd391"
31,5,"usa",1,5,"2020-09-29 04:01","2020-09-30 03:59","4d09cf5803","https://w5.elicitingbeliefs.org/room/w5t1/?participant_label=4d09cf5803"
32,10,"usa",1,5,"2020-09-29 04:01","2020-09-30 03:59","fbf0b2c5b2","https://w5.elicitingbeliefs.org/room/w5t1/?participant_label=fbf0b2c5b2"
33,15,"usa",1,5,"2020-09-29 04:01","2020-09-30 03:59","26a7c854bf","https://w5.elicitingbeliefs.org/room/w5t1/?participant_label=26a7c854bf"
34,5,"usa",1,5,"2020-09-29 04:01","2020-09-30 03:59","88295c9fc2","https://w5.elicitingbeliefs.org/room/w5t1/?participant_label=88295c9fc2"
35,10,"usa",1,5,"2020-09-29 04:01","2020-09-30 03:59","7b5dc85204","https://w5.elicitingbeliefs.org/room/w5t1/?participant_label=7b5dc85204"
36,15,"usa",1,5,"2020-09-29 04:01","2020-09-30 03:59","9c7807fdde","https://w5.elicitingbeliefs.org/room/w5t1/?participant_label=9c7807fdde"
37,5,"usa",1,5,"2020-09-29 04:01","2020-09-30 03:59","5c5c0b4023","https://w5.elicitingbeliefs.org/room/w5t1/?participant_label=5c5c0b4023"
38,10,"usa",1,5,"2020-09-29 04:01","2020-09-30 03:59","161e493dd5","https://w5.elicitingbeliefs.org/room/w5t1/?participant_label=161e493dd5"
39,15,"usa",1,5,"2020-09-29 04:01","2020-09-30 03:59","30f0be98fe","https://w5.elicitingbeliefs.org/room/w5t1/?participant_label=30f0be98fe"
40,5,"usa",1,5,"2020-09-29 04:01","2020-09-30 03:59","dfa660e6a4","https://w5.elicitingbeliefs.org/room/w5t1/?participant_label=dfa660e6a4"
41,10,"usa",1,5,"2020-09-29 04:01","2020-09-30 03:59","c8756048de","https://w5.elicitingbeliefs.org/room/w5t1/?participant_label=c8756048de"
42,15,"usa",1,5,"2020-09-29 04:01","2020-09-30 03:59","a617c7802e","https://w5.elicitingbeliefs.org/room/w5t1/?participant_label=a617c7802e"
43,5,"usa",1,5,"2020-09-29 04:01","2020-09-30 03:59","423697141f","https://w5.elicitingbeliefs.org/room/w5t1/?participant_label=423697141f"
44,10,"usa",1,5,"2020-09-29 04:01","2020-09-30 03:59","978e270f6d","https://w5.elicitingbeliefs.org/room/w5t1/?participant_label=978e270f6d"
45,15,"usa",1,5,"2020-09-29 04:01","2020-09-30 03:59","09cdd31f30","https://w5.elicitingbeliefs.org/room/w5t1/?participant_label=09cdd31f30"
46,5,"usa",1,5,"2020-09-29 04:01","2020-09-30 03:59","86619de975","https://w5.elicitingbeliefs.org/room/w5t1/?participant_label=86619de975"
47,10,"usa",1,5,"2020-09-29 04:01","2020-09-30 03:59","2a46725cc5","https://w5.elicitingbeliefs.org/room/w5t1/?participant_label=2a46725cc5"
48,15,"usa",1,5,"2020-09-29 04:01","2020-09-30 03:59","30c98c7184","https://w5.elicitingbeliefs.org/room/w5t1/?participant_label=30c98c7184"
49,5,"usa",1,5,"2020-09-29 04:01","2020-09-30 03:59","bd6661b674","https://w5.elicitingbeliefs.org/room/w5t1/?participant_label=bd6661b674"
50,10,"usa",1,5,"2020-09-29 04:01","2020-09-30 03:59","3c0722152c","https://w5.elicitingbeliefs.org/room/w5t1/?participant_label=3c0722152c"
51,15,"usa",1,5,"2020-09-29 04:01","2020-09-30 03:59","5699be9d93","https://w5.elicitingbeliefs.org/room/w5t1/?participant_label=5699be9d93"
52,5,"usa",1,5,"2020-09-29 04:01","2020-09-30 03:59","90c6966acf","https://w5.elicitingbeliefs.org/room/w5t1/?participant_label=90c6966acf"
53,10,"usa",1,5,"2020-09-29 04:01","2020-09-30 03:59","6b5d8c392c","https://w5.elicitingbeliefs.org/room/w5t1/?participant_label=6b5d8c392c"
54,15,"usa",1,5,"2020-09-29 04:01","2020-09-30 03:59","63f66ac7fc","https://w5.elicitingbeliefs.org/room/w5t1/?participant_label=63f66ac7fc"
55,5,"usa",1,5,"2020-09-29 04:01","2020-09-30 03:59","32c8e96da2","https://w5.elicitingbeliefs.org/room/w5t1/?participant_label=32c8e96da2"
56,10,"usa",1,5,"2020-09-29 04:01","2020-09-30 03:59","378b978d86","https://w5.elicitingbeliefs.org/room/w5t1/?participant_label=378b978d86"
57,15,"usa",1,5,"2020-09-29 04:01","2020-09-30 03:59","06349dabe7","https://w5.elicitingbeliefs.org/room/w5t1/?participant_label=06349dabe7"
58,5,"usa",1,5,"2020-09-29 04:01","2020-09-30 03:59","ffb645caf5","https://w5.elicitingbeliefs.org/room/w5t1/?participant_label=ffb645caf5"
59,10,"usa",1,5,"2020-09-29 04:01","2020-09-30 03:59","bd47f473c5","https://w5.elicitingbeliefs.org/room/w5t1/?participant_label=bd47f473c5"
60,15,"usa",1,5,"2020-09-29 04:01","2020-09-30 03:59","de368d8ee9","https://w5.elicitingbeliefs.org/room/w5t1/?participant_label=de368d8ee9"
61,5,"usa",1,5,"2020-09-29 04:01","2020-09-30 03:59","1ef84708f0","https://w5.elicitingbeliefs.org/room/w5t1/?participant_label=1ef84708f0"
62,10,"usa",1,5,"2020-09-29 04:01","2020-09-30 03:59","3ee24bbcf6","https://w5.elicitingbeliefs.org/room/w5t1/?participant_label=3ee24bbcf6"
63,15,"usa",1,5,"2020-09-29 04:01","2020-09-30 03:59","ca2b592361","https://w5.elicitingbeliefs.org/room/w5t1/?participant_label=ca2b592361"
64,5,"usa",1,5,"2020-09-29 04:01","2020-09-30 03:59","6bb02cbdd3","https://w5.elicitingbeliefs.org/room/w5t1/?participant_label=6bb02cbdd3"
65,10,"usa",1,5,"2020-09-29 04:01","2020-09-30 03:59","df255fc65f","https://w5.elicitingbeliefs.org/room/w5t1/?participant_label=df255fc65f"
66,15,"usa",1,5,"2020-09-29 04:01","2020-09-30 03:59","ebdcace046","https://w5.elicitingbeliefs.org/room/w5t1/?participant_label=ebdcace046"
67,5,"usa",1,5,"2020-09-29 04:01","2020-09-30 03:59","8592d3e140","https://w5.elicitingbeliefs.org/room/w5t1/?participant_label=8592d3e140"
68,10,"usa",1,5,"2020-09-29 04:01","2020-09-30 03:59","ec5e39d8fc","https://w5.elicitingbeliefs.org/room/w5t1/?participant_label=ec5e39d8fc"
69,15,"usa",1,5,"2020-09-29 04:01","2020-09-30 03:59","9ea2aee144","https://w5.elicitingbeliefs.org/room/w5t1/?participant_label=9ea2aee144"
70,5,"usa",1,5,"2020-09-29 04:01","2020-09-30 03:59","66f5bc17a5","https://w5.elicitingbeliefs.org/room/w5t1/?participant_label=66f5bc17a5"
71,10,"usa",1,5,"2020-09-29 04:01","2020-09-30 03:59","dbb90dc040","https://w5.elicitingbeliefs.org/room/w5t1/?participant_label=dbb90dc040"
72,15,"usa",1,5,"2020-09-29 04:01","2020-09-30 03:59","1d4829484e","https://w5.elicitingbeliefs.org/room/w5t1/?participant_label=1d4829484e"
73,5,"usa",1,5,"2020-09-29 04:01","2020-09-30 03:59","0f30a604b0","https://w5.elicitingbeliefs.org/room/w5t1/?participant_label=0f30a604b0"
74,10,"usa",1,5,"2020-09-29 04:01","2020-09-30 03:59","034bf8f827","https://w5.elicitingbeliefs.org/room/w5t1/?participant_label=034bf8f827"
75,15,"usa",1,5,"2020-09-29 04:01","2020-09-30 03:59","f023d903ac","https://w5.elicitingbeliefs.org/room/w5t1/?participant_label=f023d903ac"
76,5,"usa",1,5,"2020-09-29 04:01","2020-09-30 03:59","02655b9f31","https://w5.elicitingbeliefs.org/room/w5t1/?participant_label=02655b9f31"
77,10,"usa",1,5,"2020-09-29 04:01","2020-09-30 03:59","da80d84b28","https://w5.elicitingbeliefs.org/room/w5t1/?participant_label=da80d84b28"
78,15,"usa",1,5,"2020-09-29 04:01","2020-09-30 03:59","e681224fae","https://w5.elicitingbeliefs.org/room/w5t1/?participant_label=e681224fae"
79,5,"usa",1,5,"2020-09-29 04:01","2020-09-30 03:59","32c8ab8c7c","https://w5.elicitingbeliefs.org/room/w5t1/?participant_label=32c8ab8c7c"
80,10,"usa",1,5,"2020-09-29 04:01","2020-09-30 03:59","91ced0a7f3","https://w5.elicitingbeliefs.org/room/w5t1/?participant_label=91ced0a7f3"
81,15,"usa",1,5,"2020-09-29 04:01","2020-09-30 03:59","346d733f8f","https://w5.elicitingbeliefs.org/room/w5t1/?participant_label=346d733f8f"
82,5,"usa",1,5,"2020-09-29 04:01","2020-09-30 03:59","39ac130c33","https://w5.elicitingbeliefs.org/room/w5t1/?participant_label=39ac130c33"
83,10,"usa",1,5,"2020-09-29 04:01","2020-09-30 03:59","77b1966fc3","https://w5.elicitingbeliefs.org/room/w5t1/?participant_label=77b1966fc3"
84,15,"usa",1,5,"2020-09-29 04:01","2020-09-30 03:59","f280675eb4","https://w5.elicitingbeliefs.org/room/w5t1/?participant_label=f280675eb4"
85,5,"usa",1,5,"2020-09-29 04:01","2020-09-30 03:59","6d765f4a2d","https://w5.elicitingbeliefs.org/room/w5t1/?participant_label=6d765f4a2d"
86,10,"usa",1,5,"2020-09-29 04:01","2020-09-30 03:59","fe515ff445","https://w5.elicitingbeliefs.org/room/w5t1/?participant_label=fe515ff445"
87,15,"usa",1,5,"2020-09-29 04:01","2020-09-30 03:59","123273eea5","https://w5.elicitingbeliefs.org/room/w5t1/?participant_label=123273eea5"
88,5,"usa",1,5,"2020-09-29 04:01","2020-09-30 03:59","a3b56e8a96","https://w5.elicitingbeliefs.org/room/w5t1/?participant_label=a3b56e8a96"
89,10,"usa",1,5,"2020-09-29 04:01","2020-09-30 03:59","709768013b","https://w5.elicitingbeliefs.org/room/w5t1/?participant_label=709768013b"
90,15,"usa",1,5,"2020-09-29 04:01","2020-09-30 03:59","8abc04ec0e","https://w5.elicitingbeliefs.org/room/w5t1/?participant_label=8abc04ec0e"
91,5,"usa",1,5,"2020-09-29 04:01","2020-09-30 03:59","71893ed8ae","https://w5.elicitingbeliefs.org/room/w5t1/?participant_label=71893ed8ae"
92,10,"usa",1,5,"2020-09-29 04:01","2020-09-30 03:59","3ec1182c49","https://w5.elicitingbeliefs.org/room/w5t1/?participant_label=3ec1182c49"
93,15,"usa",1,5,"2020-09-29 04:01","2020-09-30 03:59","a6b93f58cb","https://w5.elicitingbeliefs.org/room/w5t1/?participant_label=a6b93f58cb"
94,5,"usa",1,5,"2020-09-29 04:01","2020-09-30 03:59","412f9f7aca","https://w5.elicitingbeliefs.org/room/w5t1/?participant_label=412f9f7aca"
95,10,"usa",1,5,"2020-09-29 04:01","2020-09-30 03:59","5f1ccee7e5","https://w5.elicitingbeliefs.org/room/w5t1/?participant_label=5f1ccee7e5"
96,15,"usa",1,5,"2020-09-29 04:01","2020-09-30 03:59","a40d78b174","https://w5.elicitingbeliefs.org/room/w5t1/?participant_label=a40d78b174"
97,5,"usa",1,5,"2020-09-29 04:01","2020-09-30 03:59","79d53dea47","https://w5.elicitingbeliefs.org/room/w5t1/?participant_label=79d53dea47"
98,10,"usa",1,5,"2020-09-29 04:01","2020-09-30 03:59","a11a0f2e21","https://w5.elicitingbeliefs.org/room/w5t1/?participant_label=a11a0f2e21"
99,15,"usa",1,5,"2020-09-29 04:01","2020-09-30 03:59","0247587eb9","https://w5.elicitingbeliefs.org/room/w5t1/?participant_label=0247587eb9"
100,5,"usa",1,5,"2020-09-29 04:01","2020-09-30 03:59","9becc39eb5","https://w5.elicitingbeliefs.org/room/w5t1/?participant_label=9becc39eb5"
1,40,"rsa",1,5,"2020-09-28 22:01","2020-09-29 21:59","20356f68c0","https://w5.elicitingbeliefs.org/room/w5t1/?participant_label=20356f68c0"
2,60,"rsa",1,5,"2020-09-28 22:01","2020-09-29 21:59","e2bc334885","https://w5.elicitingbeliefs.org/room/w5t1/?participant_label=e2bc334885"
3,80,"rsa",1,5,"2020-09-28 22:01","2020-09-29 21:59","0049831e95","https://w5.elicitingbeliefs.org/room/w5t1/?participant_label=0049831e95"
4,40,"rsa",1,5,"2020-09-28 22:01","2020-09-29 21:59","98316a08cd","https://w5.elicitingbeliefs.org/room/w5t1/?participant_label=98316a08cd"
5,60,"rsa",1,5,"2020-09-28 22:01","2020-09-29 21:59","9920f2ca62","https://w5.elicitingbeliefs.org/room/w5t1/?participant_label=9920f2ca62"
6,80,"rsa",1,5,"2020-09-28 22:01","2020-09-29 21:59","b60b27654d","https://w5.elicitingbeliefs.org/room/w5t1/?participant_label=b60b27654d"
7,40,"rsa",1,5,"2020-09-28 22:01","2020-09-29 21:59","28952ccb0e","https://w5.elicitingbeliefs.org/room/w5t1/?participant_label=28952ccb0e"
8,60,"rsa",1,5,"2020-09-28 22:01","2020-09-29 21:59","f3f838d1ca","https://w5.elicitingbeliefs.org/room/w5t1/?participant_label=f3f838d1ca"
9,80,"rsa",1,5,"2020-09-28 22:01","2020-09-29 21:59","d2680e3f9e","https://w5.elicitingbeliefs.org/room/w5t1/?participant_label=d2680e3f9e"
10,40,"rsa",1,5,"2020-09-28 22:01","2020-09-29 21:59","a45dbd70a0","https://w5.elicitingbeliefs.org/room/w5t1/?participant_label=a45dbd70a0"
11,60,"rsa",1,5,"2020-09-28 22:01","2020-09-29 21:59","9019722e3e","https://w5.elicitingbeliefs.org/room/w5t1/?participant_label=9019722e3e"
12,80,"rsa",1,5,"2020-09-28 22:01","2020-09-29 21:59","54fcecd485","https://w5.elicitingbeliefs.org/room/w5t1/?participant_label=54fcecd485"
13,40,"rsa",1,5,"2020-09-28 22:01","2020-09-29 21:59","bd100dbeb6","https://w5.elicitingbeliefs.org/room/w5t1/?participant_label=bd100dbeb6"
14,60,"rsa",1,5,"2020-09-28 22:01","2020-09-29 21:59","ad4b006e95","https://w5.elicitingbeliefs.org/room/w5t1/?participant_label=ad4b006e95"
15,80,"rsa",1,5,"2020-09-28 22:01","2020-09-29 21:59","88231876c7","https://w5.elicitingbeliefs.org/room/w5t1/?participant_label=88231876c7"
16,40,"rsa",1,5,"2020-09-28 22:01","2020-09-29 21:59","f6512e10ab","https://w5.elicitingbeliefs.org/room/w5t1/?participant_label=f6512e10ab"
17,60,"rsa",1,5,"2020-09-28 22:01","2020-09-29 21:59","293143166c","https://w5.elicitingbeliefs.org/room/w5t1/?participant_label=293143166c"
18,80,"rsa",1,5,"2020-09-28 22:01","2020-09-29 21:59","2948ec5ae1","https://w5.elicitingbeliefs.org/room/w5t1/?participant_label=2948ec5ae1"
19,40,"rsa",1,5,"2020-09-28 22:01","2020-09-29 21:59","4227ad15ae","https://w5.elicitingbeliefs.org/room/w5t1/?participant_label=4227ad15ae"
20,60,"rsa",1,5,"2020-09-28 22:01","2020-09-29 21:59","3c2cc66f0f","https://w5.elicitingbeliefs.org/room/w5t1/?participant_label=3c2cc66f0f"
21,80,"rsa",1,5,"2020-09-28 22:01","2020-09-29 21:59","e67c745726","https://w5.elicitingbeliefs.org/room/w5t1/?participant_label=e67c745726"
22,40,"rsa",1,5,"2020-09-28 22:01","2020-09-29 21:59","ebfd6a67e3","https://w5.elicitingbeliefs.org/room/w5t1/?participant_label=ebfd6a67e3"
23,60,"rsa",1,5,"2020-09-28 22:01","2020-09-29 21:59","bb9799e9bb","https://w5.elicitingbeliefs.org/room/w5t1/?participant_label=bb9799e9bb"
24,80,"rsa",1,5,"2020-09-28 22:01","2020-09-29 21:59","f953244689","https://w5.elicitingbeliefs.org/room/w5t1/?participant_label=f953244689"
25,40,"rsa",1,5,"2020-09-28 22:01","2020-09-29 21:59","d74cd0e661","https://w5.elicitingbeliefs.org/room/w5t1/?participant_label=d74cd0e661"
26,60,"rsa",1,5,"2020-09-28 22:01","2020-09-29 21:59","ebf4eed2b1","https://w5.elicitingbeliefs.org/room/w5t1/?participant_label=ebf4eed2b1"
27,80,"rsa",1,5,"2020-09-28 22:01","2020-09-29 21:59","8c57f93fd3","https://w5.elicitingbeliefs.org/room/w5t1/?participant_label=8c57f93fd3"
28,40,"rsa",1,5,"2020-09-28 22:01","2020-09-29 21:59","f5f7ee4d4b","https://w5.elicitingbeliefs.org/room/w5t1/?participant_label=f5f7ee4d4b"
29,60,"rsa",1,5,"2020-09-28 22:01","2020-09-29 21:59","10aaf72916","https://w5.elicitingbeliefs.org/room/w5t1/?participant_label=10aaf72916"
30,80,"rsa",1,5,"2020-09-28 22:01","2020-09-29 21:59","811788484e","https://w5.elicitingbeliefs.org/room/w5t1/?participant_label=811788484e"
31,40,"rsa",1,5,"2020-09-28 22:01","2020-09-29 21:59","c7f01ae853","https://w5.elicitingbeliefs.org/room/w5t1/?participant_label=c7f01ae853"
32,60,"rsa",1,5,"2020-09-28 22:01","2020-09-29 21:59","032cdc7a96","https://w5.elicitingbeliefs.org/room/w5t1/?participant_label=032cdc7a96"
33,80,"rsa",1,5,"2020-09-28 22:01","2020-09-29 21:59","99cec919d9","https://w5.elicitingbeliefs.org/room/w5t1/?participant_label=99cec919d9"
34,40,"rsa",1,5,"2020-09-28 22:01","2020-09-29 21:59","1b88a88224","https://w5.elicitingbeliefs.org/room/w5t1/?participant_label=1b88a88224"
35,60,"rsa",1,5,"2020-09-28 22:01","2020-09-29 21:59","e3be32cf00","https://w5.elicitingbeliefs.org/room/w5t1/?participant_label=e3be32cf00"
36,80,"rsa",1,5,"2020-09-28 22:01","2020-09-29 21:59","9505dc928d","https://w5.elicitingbeliefs.org/room/w5t1/?participant_label=9505dc928d"
37,40,"rsa",1,5,"2020-09-28 22:01","2020-09-29 21:59","c578aacb24","https://w5.elicitingbeliefs.org/room/w5t1/?participant_label=c578aacb24"
38,60,"rsa",1,5,"2020-09-28 22:01","2020-09-29 21:59","0ac739d9f7","https://w5.elicitingbeliefs.org/room/w5t1/?participant_label=0ac739d9f7"
39,80,"rsa",1,5,"2020-09-28 22:01","2020-09-29 21:59","44f03dbba8","https://w5.elicitingbeliefs.org/room/w5t1/?participant_label=44f03dbba8"
40,40,"rsa",1,5,"2020-09-28 22:01","2020-09-29 21:59","9be2156e33","https://w5.elicitingbeliefs.org/room/w5t1/?participant_label=9be2156e33"
41,60,"rsa",1,5,"2020-09-28 22:01","2020-09-29 21:59","078b966987","https://w5.elicitingbeliefs.org/room/w5t1/?participant_label=078b966987"
42,80,"rsa",1,5,"2020-09-28 22:01","2020-09-29 21:59","94eb07da25","https://w5.elicitingbeliefs.org/room/w5t1/?participant_label=94eb07da25"
43,40,"rsa",1,5,"2020-09-28 22:01","2020-09-29 21:59","d9fb2ec5ce","https://w5.elicitingbeliefs.org/room/w5t1/?participant_label=d9fb2ec5ce"
44,60,"rsa",1,5,"2020-09-28 22:01","2020-09-29 21:59","a01f501c80","https://w5.elicitingbeliefs.org/room/w5t1/?participant_label=a01f501c80"
45,80,"rsa",1,5,"2020-09-28 22:01","2020-09-29 21:59","391701aadd","https://w5.elicitingbeliefs.org/room/w5t1/?participant_label=391701aadd"
46,40,"rsa",1,5,"2020-09-28 22:01","2020-09-29 21:59","586f4184ac","https://w5.elicitingbeliefs.org/room/w5t1/?participant_label=586f4184ac"
47,60,"rsa",1,5,"2020-09-28 22:01","2020-09-29 21:59","3017fc7ef1","https://w5.elicitingbeliefs.org/room/w5t1/?participant_label=3017fc7ef1"
48,80,"rsa",1,5,"2020-09-28 22:01","2020-09-29 21:59","18ee7a6c6e","https://w5.elicitingbeliefs.org/room/w5t1/?participant_label=18ee7a6c6e"
49,40,"rsa",1,5,"2020-09-28 22:01","2020-09-29 21:59","c809b90ba8","https://w5.elicitingbeliefs.org/room/w5t1/?participant_label=c809b90ba8"
50,60,"rsa",1,5,"2020-09-28 22:01","2020-09-29 21:59","9369bbb433","https://w5.elicitingbeliefs.org/room/w5t1/?participant_label=9369bbb433"
51,80,"rsa",1,5,"2020-09-28 22:01","2020-09-29 21:59","22f042e428","https://w5.elicitingbeliefs.org/room/w5t1/?participant_label=22f042e428"
52,40,"rsa",1,5,"2020-09-28 22:01","2020-09-29 21:59","54692017e9","https://w5.elicitingbeliefs.org/room/w5t1/?participant_label=54692017e9"
53,60,"rsa",1,5,"2020-09-28 22:01","2020-09-29 21:59","df74a0e18b","https://w5.elicitingbeliefs.org/room/w5t1/?participant_label=df74a0e18b"
54,80,"rsa",1,5,"2020-09-28 22:01","2020-09-29 21:59","f76a562fff","https://w5.elicitingbeliefs.org/room/w5t1/?participant_label=f76a562fff"
55,40,"rsa",1,5,"2020-09-28 22:01","2020-09-29 21:59","53088c8814","https://w5.elicitingbeliefs.org/room/w5t1/?participant_label=53088c8814"
56,60,"rsa",1,5,"2020-09-28 22:01","2020-09-29 21:59","0ddf0130cb","https://w5.elicitingbeliefs.org/room/w5t1/?participant_label=0ddf0130cb"
57,80,"rsa",1,5,"2020-09-28 22:01","2020-09-29 21:59","3e474c4acd","https://w5.elicitingbeliefs.org/room/w5t1/?participant_label=3e474c4acd"
58,40,"rsa",1,5,"2020-09-28 22:01","2020-09-29 21:59","81217530cb","https://w5.elicitingbeliefs.org/room/w5t1/?participant_label=81217530cb"
59,60,"rsa",1,5,"2020-09-28 22:01","2020-09-29 21:59","2a2af77ac8","https://w5.elicitingbeliefs.org/room/w5t1/?participant_label=2a2af77ac8"
60,80,"rsa",1,5,"2020-09-28 22:01","2020-09-29 21:59","db0dbbe0f3","https://w5.elicitingbeliefs.org/room/w5t1/?participant_label=db0dbbe0f3"
61,40,"rsa",1,5,"2020-09-28 22:01","2020-09-29 21:59","75b380510d","https://w5.elicitingbeliefs.org/room/w5t1/?participant_label=75b380510d"
62,60,"rsa",1,5,"2020-09-28 22:01","2020-09-29 21:59","4d058d8770","https://w5.elicitingbeliefs.org/room/w5t1/?participant_label=4d058d8770"
63,80,"rsa",1,5,"2020-09-28 22:01","2020-09-29 21:59","d704109eb5","https://w5.elicitingbeliefs.org/room/w5t1/?participant_label=d704109eb5"
64,40,"rsa",1,5,"2020-09-28 22:01","2020-09-29 21:59","afe5194cdd","https://w5.elicitingbeliefs.org/room/w5t1/?participant_label=afe5194cdd"
65,60,"rsa",1,5,"2020-09-28 22:01","2020-09-29 21:59","7085dd5181","https://w5.elicitingbeliefs.org/room/w5t1/?participant_label=7085dd5181"
66,80,"rsa",1,5,"2020-09-28 22:01","2020-09-29 21:59","6e9be122ea","https://w5.elicitingbeliefs.org/room/w5t1/?participant_label=6e9be122ea"
67,40,"rsa",1,5,"2020-09-28 22:01","2020-09-29 21:59","e4e13ddaa3","https://w5.elicitingbeliefs.org/room/w5t1/?participant_label=e4e13ddaa3"
68,60,"rsa",1,5,"2020-09-28 22:01","2020-09-29 21:59","9e524a5ed7","https://w5.elicitingbeliefs.org/room/w5t1/?participant_label=9e524a5ed7"
69,80,"rsa",1,5,"2020-09-28 22:01","2020-09-29 21:59","62aab211dc","https://w5.elicitingbeliefs.org/room/w5t1/?participant_label=62aab211dc"
70,40,"rsa",1,5,"2020-09-28 22:01","2020-09-29 21:59","9c565050b7","https://w5.elicitingbeliefs.org/room/w5t1/?participant_label=9c565050b7"
71,60,"rsa",1,5,"2020-09-28 22:01","2020-09-29 21:59","6184031361","https://w5.elicitingbeliefs.org/room/w5t1/?participant_label=6184031361"
72,80,"rsa",1,5,"2020-09-28 22:01","2020-09-29 21:59","867d7f7069","https://w5.elicitingbeliefs.org/room/w5t1/?participant_label=867d7f7069"
73,40,"rsa",1,5,"2020-09-28 22:01","2020-09-29 21:59","0b2151ed4b","https://w5.elicitingbeliefs.org/room/w5t1/?participant_label=0b2151ed4b"
74,60,"rsa",1,5,"2020-09-28 22:01","2020-09-29 21:59","8beb2f65c9","https://w5.elicitingbeliefs.org/room/w5t1/?participant_label=8beb2f65c9"
75,80,"rsa",1,5,"2020-09-28 22:01","2020-09-29 21:59","c805feaf4c","https://w5.elicitingbeliefs.org/room/w5t1/?participant_label=c805feaf4c"
76,40,"rsa",1,5,"2020-09-28 22:01","2020-09-29 21:59","23e5f20faf","https://w5.elicitingbeliefs.org/room/w5t1/?participant_label=23e5f20faf"
77,60,"rsa",1,5,"2020-09-28 22:01","2020-09-29 21:59","504cfaa4ad","https://w5.elicitingbeliefs.org/room/w5t1/?participant_label=504cfaa4ad"
78,80,"rsa",1,5,"2020-09-28 22:01","2020-09-29 21:59","567b212aa3","https://w5.elicitingbeliefs.org/room/w5t1/?participant_label=567b212aa3"
79,40,"rsa",1,5,"2020-09-28 22:01","2020-09-29 21:59","39cdda0c41","https://w5.elicitingbeliefs.org/room/w5t1/?participant_label=39cdda0c41"
80,60,"rsa",1,5,"2020-09-28 22:01","2020-09-29 21:59","0d4aff32c3","https://w5.elicitingbeliefs.org/room/w5t1/?participant_label=0d4aff32c3"
81,80,"rsa",1,5,"2020-09-28 22:01","2020-09-29 21:59","7d8577302a","https://w5.elicitingbeliefs.org/room/w5t1/?participant_label=7d8577302a"
82,40,"rsa",1,5,"2020-09-28 22:01","2020-09-29 21:59","7593536b3c","https://w5.elicitingbeliefs.org/room/w5t1/?participant_label=7593536b3c"
83,60,"rsa",1,5,"2020-09-28 22:01","2020-09-29 21:59","9398c7b2ac","https://w5.elicitingbeliefs.org/room/w5t1/?participant_label=9398c7b2ac"
84,80,"rsa",1,5,"2020-09-28 22:01","2020-09-29 21:59","db451a9b10","https://w5.elicitingbeliefs.org/room/w5t1/?participant_label=db451a9b10"
85,40,"rsa",1,5,"2020-09-28 22:01","2020-09-29 21:59","a66589ff40","https://w5.elicitingbeliefs.org/room/w5t1/?participant_label=a66589ff40"
86,60,"rsa",1,5,"2020-09-28 22:01","2020-09-29 21:59","689a70b61a","https://w5.elicitingbeliefs.org/room/w5t1/?participant_label=689a70b61a"
87,80,"rsa",1,5,"2020-09-28 22:01","2020-09-29 21:59","1e8ac3e0a9","https://w5.elicitingbeliefs.org/room/w5t1/?participant_label=1e8ac3e0a9"
88,40,"rsa",1,5,"2020-09-28 22:01","2020-09-29 21:59","5d77933828","https://w5.elicitingbeliefs.org/room/w5t1/?participant_label=5d77933828"
89,60,"rsa",1,5,"2020-09-28 22:01","2020-09-29 21:59","dcc76ac370","https://w5.elicitingbeliefs.org/room/w5t1/?participant_label=dcc76ac370"
90,80,"rsa",1,5,"2020-09-28 22:01","2020-09-29 21:59","7e896c27a6","https://w5.elicitingbeliefs.org/room/w5t1/?participant_label=7e896c27a6"
91,40,"rsa",1,5,"2020-09-28 22:01","2020-09-29 21:59","c73fd3e554","https://w5.elicitingbeliefs.org/room/w5t1/?participant_label=c73fd3e554"
92,60,"rsa",1,5,"2020-09-28 22:01","2020-09-29 21:59","6f2017af83","https://w5.elicitingbeliefs.org/room/w5t1/?participant_label=6f2017af83"
93,80,"rsa",1,5,"2020-09-28 22:01","2020-09-29 21:59","bf395803ff","https://w5.elicitingbeliefs.org/room/w5t1/?participant_label=bf395803ff"
94,40,"rsa",1,5,"2020-09-28 22:01","2020-09-29 21:59","f28e65c54d","https://w5.elicitingbeliefs.org/room/w5t1/?participant_label=f28e65c54d"
95,60,"rsa",1,5,"2020-09-28 22:01","2020-09-29 21:59","56c4d32989","https://w5.elicitingbeliefs.org/room/w5t1/?participant_label=56c4d32989"
96,80,"rsa",1,5,"2020-09-28 22:01","2020-09-29 21:59","33ec82fb0c","https://w5.elicitingbeliefs.org/room/w5t1/?participant_label=33ec82fb0c"
97,40,"rsa",1,5,"2020-09-28 22:01","2020-09-29 21:59","791ea505ce","https://w5.elicitingbeliefs.org/room/w5t1/?participant_label=791ea505ce"
98,60,"rsa",1,5,"2020-09-28 22:01","2020-09-29 21:59","0ecf9bf255","https://w5.elicitingbeliefs.org/room/w5t1/?participant_label=0ecf9bf255"
99,80,"rsa",1,5,"2020-09-28 22:01","2020-09-29 21:59","6d304b7177","https://w5.elicitingbeliefs.org/room/w5t1/?participant_label=6d304b7177"
100,40,"rsa",1,5,"2020-09-28 22:01","2020-09-29 21:59","624a29b719","https://w5.elicitingbeliefs.org/room/w5t1/?participant_label=624a29b719"
